date,month,days_in_a_month,evap,pevap,precipitation,temperature,scenario
1950-01-01,1,31,31.2120894079077,55.5916378723388,77.4561940795134,8.30891873936531,1950_2022
1950-02-01,2,28.25,43.2860775274124,73.0940547508539,66.3726621522608,9.98444582864772,1950_2022
1950-03-01,3,31,69.9000950045917,118.373821063182,65.3083894173188,12.0687087649696,1950_2022
1950-04-01,4,30,83.6329077684582,197.272606087945,11.7045430151903,14.313373948593,1950_2022
1950-05-01,5,31,89.4941781707007,207.114683503251,149.459545349976,16.6807565141881,1950_2022
1950-06-01,6,30,113.890107448002,233.440627037197,42.0715100949202,20.0955850802342,1950_2022
1950-07-01,7,31,54.3225698062822,345.916257184212,1.35098668934884,24.2283586447445,1950_2022
1950-08-01,8,31,30.0170488718609,315.556636287435,1.16167025305492,22.8639732640832,1950_2022
1950-09-01,9,30,18.9765715622867,256.565534635845,5.94871265367291,21.4734983612704,1950_2022
1950-10-01,10,31,43.0708622672091,139.140764462563,43.3319064375304,17.1474690771197,1950_2022
1950-11-01,11,30,27.108956040816,77.9880107769319,37.9034950055455,14.011895025954,1950_2022
1950-12-01,12,31,24.6107313030359,54.3194906773435,64.6300055205989,8.30698618216894,1950_2022
1951-01-01,1,31,31.7275222269694,58.7204323248943,86.1963028884171,8.68866622845877,1950_2022
1951-02-01,2,28.25,39.4692574746221,64.1016821089863,99.3819166976846,8.69929529303897,1950_2022
1951-03-01,3,31,71.560934088235,124.046909905728,122.024438457046,11.5073008994142,1950_2022
1951-04-01,4,30,77.4255447862096,165.929206148482,58.1023373617459,13.3954092803011,1950_2022
1951-05-01,5,31,91.3344642357951,185.17873997874,45.3986108670726,13.9819403894097,1950_2022
1951-06-01,6,30,71.2625201109771,283.417046048952,13.2312884691738,20.5816232151299,1950_2022
1951-07-01,7,31,38.7717707541462,296.955781355208,3.11794009475897,22.3962944225534,1950_2022
1951-08-01,8,31,25.3399732914861,308.095664900571,3.08638735537665,21.8058981990519,1950_2022
1951-09-01,9,30,27.6557951606807,221.362437888551,14.773301377697,20.8966300381438,1950_2022
1951-10-01,10,31,20.5865372934726,161.867502189368,24.1793936324599,16.0932591264813,1950_2022
1951-11-01,11,30,36.9446704805456,68.0725827706049,189.784132767814,11.9624181191674,1950_2022
1951-12-01,12,31,30.9371919044082,54.835226026666,41.8015985774877,10.0462876589327,1950_2022
1952-01-01,1,31,28.4822044773216,53.5974611882923,62.0269045215572,6.79572645458086,1950_2022
1952-02-01,2,28.25,45.4989285334057,80.3318180967475,43.3409436061942,9.30321941691528,1950_2022
1952-03-01,3,31,69.1632169743776,110.844084963075,183.473398404121,12.7808560918446,1950_2022
1952-04-01,4,30,91.6803104918733,169.223257734476,45.2318731846658,13.309410485061,1950_2022
1952-05-01,5,31,106.09493296537,171.460179686765,121.093632645267,16.1174160914363,1950_2022
1952-06-01,6,30,107.708608478179,212.877759560989,44.5448377303733,19.8143980081574,1950_2022
1952-07-01,7,31,65.219201403335,306.376547069497,2.40800345865672,22.872669771467,1950_2022
1952-08-01,8,31,41.7383729794125,279.386397121626,14.6189135996159,21.4870262616452,1950_2022
1952-09-01,9,30,47.4011212185,208.951516256471,32.8499675528605,18.7138066848053,1950_2022
1952-10-01,10,31,36.3244193688235,119.061468195612,63.5098832725264,16.6604646636259,1950_2022
1952-11-01,11,30,31.7570885596664,80.6165973960587,59.3695360885521,12.4494225326612,1950_2022
1952-12-01,12,31,27.4818830062537,47.4430193530452,56.8522552628561,9.67137156283025,1950_2022
1953-01-01,1,31,34.0756050693617,65.6312860058142,51.8353697010666,8.09247233336805,1950_2022
1953-02-01,2,28.25,47.3916815951358,83.9037013064091,51.6220109486002,8.77659758089516,1950_2022
1953-03-01,3,31,75.7073047660204,151.793471699272,73.2754561113556,11.6986240618582,1950_2022
1953-04-01,4,30,81.4640255835892,164.797915704807,64.8810871774322,13.6398777656462,1950_2022
1953-05-01,5,31,83.0149967340509,259.616542064268,13.9563060725871,19.2993715153157,1950_2022
1953-06-01,6,30,40.4252275813064,287.875661326965,9.91825083402981,19.5187167571076,1950_2022
1953-07-01,7,31,32.067326085462,339.280462356264,1.41409216811348,23.4195834580494,1950_2022
1953-08-01,8,31,21.6670372030612,338.077079874512,0.372851768496815,25.4622964146486,1950_2022
1953-09-01,9,30,24.4597421966063,235.836300917921,13.8725215598468,21.8870656013009,1950_2022
1953-10-01,10,31,34.8888435172146,128.92920454598,62.9419339636446,16.0072603312412,1950_2022
1953-11-01,11,30,30.3678216064965,81.2155158662396,70.4079057208521,13.7780556051891,1950_2022
1953-12-01,12,31,33.3959973523766,59.3049323874597,99.0698205564051,10.9574883770372,1950_2022
1954-01-01,1,31,27.2413476906916,57.8952557659786,20.2984066884342,6.41404640829109,1950_2022
1954-02-01,2,28.25,37.2250925392988,77.8878980059263,28.0152182815332,7.95719332961977,1950_2022
1954-03-01,3,31,60.3244986326897,102.764231157025,129.975728781391,10.8743884175918,1950_2022
1954-04-01,4,30,79.919574555863,181.96691184999,73.0033729926239,13.1470756805631,1950_2022
1954-05-01,5,31,89.9294325512417,245.485393492835,9.58625166813531,17.6054851326675,1950_2022
1954-06-01,6,30,48.129008425347,286.278545406483,8.83426156170156,19.9583735192895,1950_2022
1954-07-01,7,31,33.0943737027035,362.454170719149,0.151982592820576,24.2757062960564,1950_2022
1954-08-01,8,31,22.2664664815256,291.557751365634,9.60202803782652,21.9778957895319,1950_2022
1954-09-01,9,30,16.5490492531574,252.073646109489,1.41427865534227,21.0328753204902,1950_2022
1954-10-01,10,31,18.0246452816918,179.058680500114,17.1904618592753,19.4984249065454,1950_2022
1954-11-01,11,30,36.0283454688803,71.9655528267803,115.553768795141,14.0592426772659,1950_2022
1954-12-01,12,31,28.3638458299815,53.4599317618063,26.4669672376784,9.50710420113592,1950_2022
1955-01-01,1,31,31.4488067025879,52.187784566811,145.594334775641,11.8474309659813,1950_2022
1955-02-01,2,28.25,44.9770297112375,71.6841008523033,119.595772050849,10.0743097382805,1950_2022
1955-03-01,3,31,68.7126905103088,110.25958490051,103.597638657769,10.674368747764,1950_2022
1955-04-01,4,30,94.355388348509,175.145895939598,16.0405001045032,15.7598930101015,1950_2022
1955-05-01,5,31,78.4868239680717,246.138658268644,23.0908241237698,18.8887031110798,1950_2022
1955-06-01,6,30,51.7721393185001,295.095956217478,5.59756119925672,21.5643285495014,1950_2022
1955-07-01,7,31,33.1058277653493,314.800224441762,0.735708271393548,22.7006721809871,1950_2022
1955-08-01,8,31,28.7380118764115,298.056016767096,7.44066539013734,24.2370551521283,1950_2022
1955-09-01,9,30,15.6548933950001,269.874833973197,0.589836110191228,22.5219106403197,1950_2022
1955-10-01,10,31,21.8808463724498,166.852943899485,31.1683254056447,17.8673466327803,1950_2022
1955-11-01,11,30,39.1911447026927,71.7991865850635,123.492845155855,13.2263105256157,1950_2022
1955-12-01,12,31,30.9715540923456,55.4197260892312,172.556150577837,11.5188962425926,1950_2022
1956-01-01,1,31,30.4828474194575,52.8754316992408,183.078989161842,9.4143414557085,1950_2022
1956-02-01,2,28.25,47.113335556646,94.3060278468274,36.3250393299892,5.36176901484902,1950_2022
1956-03-01,3,31,63.0772916885674,98.6727307190674,172.72969064444,10.87535469619,1950_2022
1956-04-01,4,30,88.2625659927186,140.641537407514,115.66064097692,12.5779375862221,1950_2022
1956-05-01,5,31,119.381645634516,244.90089343027,28.9438572791909,17.7852129519331,1950_2022
1956-06-01,6,30,77.4883573878157,305.044657472148,0.666173382890337,21.5401715845463,1950_2022
1956-07-01,7,31,55.0861739826699,326.627755119555,2.58154352525942,22.9345116017519,1950_2022
1956-08-01,8,31,42.1812634017174,295.030369384404,9.1129605774004,21.7691796123202,1950_2022
1956-09-01,9,30,40.0483519716699,190.983962151046,40.3004853682995,18.9882298066947,1950_2022
1956-10-01,10,31,58.6560235072825,131.886087215428,68.1639123314191,17.1832213852532,1950_2022
1956-11-01,11,30,32.8359873637239,89.4672814553975,26.1170201007937,10.038557430147,1950_2022
1956-12-01,12,31,19.192959671565,51.2250785814093,44.8148851884996,7.43250405079607,1950_2022
1957-01-01,1,31,26.9549961245462,57.3107557034132,21.6078453728006,6.93293801552556,1950_2022
1957-02-01,2,28.25,37.5486698090431,63.3183743875693,81.7415180359969,10.6047966886935,1950_2022
1957-03-01,3,31,71.6372945058738,122.087115578303,95.6779010728053,13.4514534389968,1950_2022
1957-04-01,4,30,88.1406356484244,174.979529697881,50.8044940917053,13.3818813799262,1950_2022
1957-05-01,5,31,99.6081154869561,218.735920041315,70.6723551123139,16.1193486486327,1950_2022
1957-06-01,6,30,73.4350971547641,250.909082417471,22.1627493749767,19.5747609158033,1950_2022
1957-07-01,7,31,43.3915760212919,360.63190581821,2.21868702236269,24.9550001505925,1950_2022
1957-08-01,8,31,28.1004023891278,307.854988404221,0.925024707687468,24.5481968607494,1950_2022
1957-09-01,9,30,34.9827003950849,227.684355073793,24.8956237376069,22.2668130903943,1950_2022
1957-10-01,10,31,38.2601559559664,136.527705359329,32.5408695687758,16.5744658683859,1950_2022
1957-11-01,11,30,36.3904416428448,90.465478905699,68.8048229941696,12.0716076007642,1950_2022
1957-12-01,12,31,25.0498037044588,50.9500197284375,59.9759764617061,7.57937839772279,1950_2022
1958-01-01,1,31,32.6362111968708,60.439550155969,113.66296252073,9.28099500915664,1950_2022
1958-02-01,2,28.25,47.5586892182296,81.8357689218682,64.4461638469094,11.6145578238146,1950_2022
1958-03-01,3,31,61.5309932313823,105.41167261688,129.486661320965,11.3913474676299,1950_2022
1958-04-01,4,30,99.2141278256857,181.135080641406,47.0945026385256,13.4920371401213,1950_2022
1958-05-01,5,31,68.7546887400101,259.307100854675,6.22588492391786,17.5871258393017,1950_2022
1958-06-01,6,30,61.844324728982,258.329016798045,22.2696215567555,19.4607400412155,1950_2022
1958-07-01,7,31,42.269077882002,329.378343649274,2.45533256773014,22.8369174633335,1950_2022
1958-08-01,8,31,36.0877020741433,287.397486214433,18.9574152646854,22.7509186680936,1950_2022
1958-09-01,9,30,28.5277818653299,204.858906710235,10.361007015685,21.0367404348831,1950_2022
1958-10-01,10,31,26.2104820525681,189.57968162629,26.7351655224282,17.9088966125029,1950_2022
1958-11-01,11,30,20.642952934307,109.198317723021,25.7811361009173,12.4001423241529,1950_2022
1958-12-01,12,31,33.8579778790912,57.4482851298993,250.175889458353,10.7313791850579,1950_2022
1959-01-01,1,31,35.6944459233037,62.1586679870435,94.5104497156594,10.8289733234764,1950_2022
1959-02-01,2,28.25,47.7117795393989,83.0263966584221,37.3170421887149,9.04715558839172,1950_2022
1959-03-01,3,31,60.9353819737998,100.426230906763,117.259974810315,11.5469183219405,1950_2022
1959-04-01,4,30,91.5472955708251,159.274556479806,59.7664899065878,13.3065116492664,1950_2022
1959-05-01,5,31,105.942212130092,184.422328133067,81.6369320476713,16.0662033257316,1950_2022
1959-06-01,6,30,81.6709376829975,273.934170271089,6.10138719907123,20.453108161569,1950_2022
1959-07-01,7,31,52.1768420706327,321.43601926971,0.641050053246588,24.5549608109368,1950_2022
1959-08-01,8,31,33.8808860043828,298.60613447304,1.17744662274603,23.915284378927,1950_2022
1959-09-01,9,30,45.5499969005795,182.499283823484,36.208807551624,20.5352418424162,1950_2022
1959-10-01,10,31,55.4068877367527,130.373263524082,73.8749581596197,16.4884670731459,1950_2022
1959-11-01,11,30,34.6464682335464,69.1705999659364,159.233956233606,12.223313340682,1950_2022
1959-12-01,12,31,28.6616514587727,49.5059607503348,82.1733286171708,10.3912491184908,1950_2022
1960-01-01,1,31,31.7313402478514,52.2565492800541,89.0676021722086,9.16021018438136,1950_2022
1960-02-01,2,28.25,45.6728948074617,74.5353409582613,179.417857487917,10.7864570651554,1950_2022
1960-03-01,3,31,74.237366726474,115.382556037112,147.029984417537,12.2291110122712,1950_2022
1960-04-01,4,30,99.39148105375,180.037063446074,42.6058710038144,15.1926874729569,1950_2022
1960-05-01,5,31,115.387995792008,190.129799332234,104.418009881709,17.216074857592,1950_2022
1960-06-01,6,30,103.662737962964,279.390982999403,32.620955734763,21.5836541214654,1950_2022
1960-07-01,7,31,60.5192176976685,328.312490594008,1.79272504070132,23.1702835797132,1950_2022
1960-08-01,8,31,46.6483478335856,266.664925171674,10.3119646739288,21.490891376038,1950_2022
1960-09-01,9,30,34.7979574491846,218.933490759484,16.3611166498397,21.1575252596583,1950_2022
1960-10-01,10,31,52.1692060288688,97.1599070277217,168.548952676282,14.77718767573,1950_2022
1960-11-01,11,30,35.4149988884915,54.3972777014763,144.256583330029,12.9257978815749,1950_2022
1960-12-01,12,31,29.1312680272512,52.1190198535681,68.731861640301,8.46738842947047,1950_2022
1961-01-01,1,31,28.3027574958705,47.0648134302089,55.2115128149753,8.7659685163149,1950_2022
1961-02-01,2,28.25,46.2748181156958,75.255984061965,19.1878305241768,12.4687481046253,1950_2022
1961-03-01,3,31,83.5113394487029,154.234619019397,34.323599343877,14.6409423933835,1950_2022
1961-04-01,4,30,85.3399325885765,148.227838029804,80.1027393536467,14.1578030942825,1950_2022
1961-05-01,5,31,94.824135321887,239.36533401421,106.61092526878,19.2095076056829,1950_2022
1961-06-01,6,30,115.889026122643,246.250827649398,40.1325433683613,20.7265650048602,1950_2022
1961-07-01,7,31,71.3471249188465,325.321225567938,4.12762775499332,24.1887412222183,1950_2022
1961-08-01,8,31,45.2394981281502,337.389432742082,1.30365758027531,26.3947552619136,1950_2022
1961-09-01,9,30,43.5695525205287,200.034285700445,44.3158259122758,20.988426504973,1950_2022
1961-10-01,10,31,44.7355193717343,115.79514431657,48.6800957628343,15.4999640671851,1950_2022
1961-11-01,11,30,33.8779375786013,73.5626687472624,138.057996786857,11.9401937114087,1950_2022
1961-12-01,12,31,26.4013830966651,41.3917245876628,140.68788380169,11.5140648496016,1950_2022
1962-01-01,1,31,33.4532676656057,53.3224023353202,80.2328351451579,9.41240889851213,1950_2022
1962-02-01,2,28.25,47.7674487470969,92.2380954622865,37.2882884826648,9.01526839465106,1950_2022
1962-03-01,3,31,62.5809489739154,100.323083836899,193.5071695277,11.401010253612,1950_2022
1962-04-01,4,30,89.1936704400559,155.980504893812,45.7051642754007,14.0447484982928,1950_2022
1962-05-01,5,31,97.4738418139524,258.688218435488,21.2923179789774,17.2885457524572,1950_2022
1962-06-01,6,30,80.2521118584835,276.296570903469,17.8420597402036,22.3479804926433,1950_2022
1962-07-01,7,31,49.8516673535321,326.868431615905,0.514839095717309,22.9296802087609,1950_2022
1962-08-01,8,31,39.8675427472626,322.501872324976,0.404404507879135,24.7095653866492,1950_2022
1962-09-01,9,30,33.2682858571305,220.264420693219,23.3994131927032,21.9479411529876,1950_2022
1962-10-01,10,31,54.9945414815034,122.912292137219,70.7512369607697,18.1804208985977,1950_2022
1962-11-01,11,30,38.1344150521432,72.4313783035876,74.194234446731,10.3284410096077,1950_2022
1962-12-01,12,31,25.1147100594518,61.0584325751558,70.8616715486078,9.32447754607568,1950_2022
1963-01-01,1,31,36.5305924964482,61.2991090715062,188.61649492344,9.6056646181525,1950_2022
1963-02-01,2,28.25,39.7650001405175,61.9397527978754,162.050619033705,8.60749882620979,1950_2022
1963-03-01,3,31,68.6630562388436,120.539909530336,70.0570766943585,11.491840441843,1950_2022
1963-04-01,4,30,95.5968609449587,161.237678132065,101.064954436839,14.0766356920335,1950_2022
1963-05-01,5,31,101.356769050884,246.310570051751,47.7335135813646,17.5204526160257,1950_2022
1963-06-01,6,30,100.991354965246,234.605190729216,44.3310933668156,19.1660250687638,1950_2022
1963-07-01,7,31,63.726355238497,328.381255307251,0.325522659423282,24.1771458790398,1950_2022
1963-08-01,8,31,40.4936981719005,313.940665526225,0.767261010775868,22.2020724243147,1950_2022
1963-09-01,9,30,37.9385875294889,214.275235991411,14.9717782867148,20.2888407998747,1950_2022
1963-10-01,10,31,23.8051288969468,177.924062731605,31.010561708733,19.5670306870177,1950_2022
1963-11-01,11,30,39.1431115367586,61.9503050754234,151.462821872831,13.0543129351357,1950_2022
1963-12-01,12,31,30.2423121038953,47.993137058989,154.53953639053,9.25490548700515,1950_2022
1964-01-01,1,31,37.351466986065,64.5310505939265,57.8777192927816,9.18340087073818,1950_2022
1964-02-01,2,28.25,39.8276279991777,61.5950974004518,185.901818202197,10.4608211775613,1950_2022
1964-03-01,3,31,66.0209857885421,105.377290260258,112.842591296789,11.1294859675172,1950_2022
1964-04-01,4,30,98.9961311495234,169.389623976193,29.5216624631767,13.0514140993411,1950_2022
1964-05-01,5,31,79.1626136641748,260.57924804967,22.8384022087112,19.7312980487121,1950_2022
1964-06-01,6,30,86.3264599196839,251.075448659188,32.6820255529223,21.2589845124695,1950_2022
1964-07-01,7,31,65.1695671318698,303.213370260319,8.35569483222472,23.4659648307631,1950_2022
1964-08-01,8,31,42.4752510096266,311.086929926641,2.17135791328927,24.5027817666339,1950_2022
1964-09-01,9,30,38.4226140477476,228.915465262498,54.5144855448849,23.6012438345114,1950_2022
1964-10-01,10,31,47.3814078429178,149.283559665903,9.44426434091481,16.5048938093153,1950_2022
1964-11-01,11,30,27.5449493931406,69.5698789460571,31.0484079171601,12.5209271489282,1950_2022
1964-12-01,12,31,20.6361715649378,55.7979320120677,35.8696835736109,7.64895045679333,1950_2022
1965-01-01,1,31,28.9670931293278,57.9296381226002,115.003953944479,8.60363371181694,1950_2022
1965-02-01,2,28.25,45.0048643150864,78.1072241679231,96.0608636489072,8.57657791106732,1950_2022
1965-03-01,3,31,69.2166692667247,118.270673993318,94.7155425216445,12.2291110122712,1950_2022
1965-04-01,4,30,82.4801117860406,204.293261488397,16.4069190134593,14.8873434359251,1950_2022
1965-05-01,5,31,73.9471971394466,271.787896308276,7.72464004457822,19.6626922682397,1950_2022
1965-06-01,6,30,57.525034653834,285.712900184645,13.3534281054924,21.6512936233396,1950_2022
1965-07-01,7,31,37.2331083387249,304.6230468818,2.89707091908273,21.0869869219896,1950_2022
1965-08-01,8,31,31.3037219090743,312.530988904743,1.69806682255436,23.8998239213558,1950_2022
1965-09-01,9,30,27.3897653185844,203.794162763247,55.6290097262928,19.2935738437265,1950_2022
1965-10-01,10,31,57.4304388041802,92.6902006669279,166.150944483225,16.3908729347275,1950_2022
1965-11-01,11,30,40.4991247596665,68.3720420056955,106.43909843486,11.7556344991521,1950_2022
1965-12-01,12,31,25.7561375676175,39.9476656095601,97.4448544782155,10.4173386406422,1950_2022
1966-01-01,1,31,30.2728562709508,47.7868429192601,143.322537540114,12.0735401579606,1950_2022
1966-02-01,2,28.25,46.1982729551111,72.7493993534305,208.717883952888,11.5961985304488,1950_2022
1966-03-01,3,31,81.1136223348454,162.658296391663,0.530615465408415,11.9836762483278,1950_2022
1966-04-01,4,30,86.7255046828285,152.32044757604,155.646104416745,14.0176926975432,1950_2022
1966-05-01,5,31,95.1906653265531,261.301277538721,5.29507911213926,19.0094879358551,1950_2022
1966-06-01,6,30,70.2796876387877,255.13478495708,19.0787235579302,20.0579002149044,1950_2022
1966-07-01,7,31,54.5516510591985,316.278665776486,1.47719764687812,23.40315672188,1950_2022
1966-08-01,8,31,39.9859013946027,281.79316208513,2.39222708896551,23.0137464468045,1950_2022
1966-09-01,9,30,51.1181492900132,212.245567842465,50.1479935464924,22.7277279817367,1950_2022
1966-10-01,10,31,57.4915271382912,103.451878289455,109.32446085566,14.9375899230316,1950_2022
1966-11-01,11,30,34.7425345654145,63.7137872376223,49.7968420920762,9.30998336710269,1950_2022
1966-12-01,12,31,24.0036659828076,45.6207544521063,19.9513265552286,8.81041733183218,1950_2022
1967-01-01,1,31,26.7679131013312,46.8929016471013,85.0446279009623,8.45289425049742,1950_2022
1967-02-01,2,28.25,46.4940156210064,76.0706240922388,81.0801827968465,10.1139271608068,1950_2022
1967-03-01,3,31,79.8116772141044,146.051618143482,42.7166280195751,13.5683731493792,1950_2022
1967-04-01,4,30,91.2701811519748,173.515506770772,66.5757746313538,13.5181266622727,1950_2022
1967-05-01,5,31,93.4496478043891,202.301153576242,49.3427032898631,14.8883097145232,1950_2022
1967-06-01,6,30,89.1825858633019,279.024977267626,40.0256711865824,21.4155216453782,1950_2022
1967-07-01,7,31,45.9916482418921,306.514076495983,0.483286356334989,23.1036103564373,1950_2022
1967-08-01,8,31,31.9909656678232,283.374750489719,2.42377982834783,22.4706978746149,1950_2022
1967-09-01,9,30,23.2515233304186,200.300471687192,8.26936574372772,20.4144570176409,1950_2022
1967-10-01,10,31,30.5019375238672,142.166411845254,33.7083209259217,17.6624955699614,1950_2022
1967-11-01,11,30,36.1613603899285,72.6975642903346,113.996488432078,12.0271587852469,1950_2022
1967-12-01,12,31,26.7870032057409,60.164491302997,10.5801629586785,7.69339927231061,1950_2022
1968-01-01,1,31,24.167840880731,64.7029623770338,2.86551817970041,8.91864053483084,1950_2022
1968-02-01,2,28.25,38.4219805048046,67.9555560983582,179.101566721367,10.0820399670661,1950_2022
1968-03-01,3,31,69.6061073966825,116.792232658593,89.4935641538699,10.8144791445033,1950_2022
1968-04-01,4,30,85.698333903623,147.063274337786,45.7051642754007,12.6533073168819,1950_2022
1968-05-01,5,31,98.4130749509093,222.449214556436,39.5298013419604,16.8227994681238,1950_2022
1968-06-01,6,30,64.8667193239102,291.036619919586,8.78845919808201,21.5536994849211,1950_2022
1968-07-01,7,31,43.074680288091,319.923195578364,1.90315962853949,23.8611727774277,1950_2022
1968-08-01,8,31,32.7049355727457,286.022191949574,9.23917153492979,23.2176312310252,1950_2022
1968-09-01,9,30,24.4486576198523,188.022643048485,9.99458810672892,20.1100792592073,1950_2022
1968-10-01,10,31,19.1089632121623,159.632649008972,58.6507614076485,20.0240804639673,1950_2022
1968-11-01,11,30,41.9438145966065,70.6346228930452,133.294550970428,13.5268231696566,1950_2022
1968-12-01,12,31,30.9028297164707,51.4313727211382,83.5143200409196,9.57860881740288,1950_2022
1969-01-01,1,31,32.8500203662594,57.3795204166564,106.216516026501,10.3091154376436,1950_2022
1969-02-01,2,28.25,46.452263715233,80.2064888613208,171.496211471137,9.05585209577555,1950_2022
1969-03-01,3,31,66.5364186076038,105.342907903637,165.488336956196,11.0995313309729,1950_2022
1969-04-01,4,30,91.4253652265309,162.06950934065,38.3462511872007,12.8668548870845,1950_2022
1969-05-01,5,31,102.547991566049,193.086682001683,82.3310923140824,15.0883293843511,1950_2022
1969-06-01,6,30,100.603394778856,214.474875481471,47.6593984564995,19.0964530096933,1950_2022
1969-07-01,7,31,77.8301243763782,324.66796079213,9.87022632257619,25.8797287690718,1950_2022
1969-08-01,8,31,43.1014064342646,314.318871449061,0.451733616952669,24.2418865451193,1950_2022
1969-09-01,9,30,45.3172207887452,173.948058999236,57.3694995438339,18.5408428157271,1950_2022
1969-10-01,10,31,62.9856591874009,112.8038792905,90.471699074722,17.0479423815049,1950_2022
1969-11-01,11,30,36.3645776304188,69.1705999659364,69.8582773574181,11.0676441372323,1950_2022
1969-12-01,12,31,26.0043089249435,50.5030490923581,43.1741427406188,8.01130493111907,1950_2022
1970-01-01,1,31,32.2276829625034,47.4430193530452,315.111427107175,10.7478059212274,1950_2022
1970-02-01,2,28.25,45.8642577089234,82.2430889370051,12.7901309280472,9.32157871028113,1950_2022
1970-03-01,3,31,65.9598974544311,138.040529050675,33.0141606595106,10.1844654984756,1950_2022
1970-04-01,4,30,76.5276940691343,205.624191422133,13.4755677418111,14.0370182695073,1950_2022
1970-05-01,5,31,104.483728153192,220.145596662796,86.9062395245194,17.6431699979973,1950_2022
1970-06-01,6,30,104.845092816726,213.709590769574,99.0191155285011,18.4963940002098,1950_2022
1970-07-01,7,31,65.3375600506751,302.594487841133,3.40191474919985,23.6785461223675,1950_2022
1970-08-01,8,31,41.707828812357,271.40969038544,3.25992742197946,22.0513329629952,1950_2022
1970-09-01,9,30,27.7629460693029,235.23738244774,1.44481356442194,22.9103546367969,1950_2022
1970-10-01,10,31,22.0335672077273,201.304065234219,5.50017191812439,18.143702311866,1950_2022
1970-11-01,11,30,23.9424619480856,112.259456570612,53.6137057270347,15.2902816113753,1950_2022
1970-12-01,12,31,26.592284140762,56.2449026481471,33.7398736653041,6.58024632718184,1950_2022
1971-01-01,1,31,28.9670931293278,51.1906962247877,109.813528316086,8.84133824697466,1950_2022
1971-02-01,2,28.25,46.8976173768165,90.420821548599,19.7341509391272,10.3535642531609,1950_2022
1971-03-01,3,31,64.9137597327799,157.638472324925,49.626677944304,10.2376108213767,1950_2022
1971-04-01,4,30,79.0734518636399,124.703651451036,142.012267512674,12.1460110528258,1950_2022
1971-05-01,5,31,96.7713259716757,158.601178310327,131.285167465758,13.7751567693945,1950_2022
1971-06-01,6,30,107.767726220868,203.694343018217,56.1481031806472,17.9127617268957,1950_2022
1971-07-01,7,31,86.9475582424477,251.330394118489,28.4390134490737,22.6166059429435,1950_2022
1971-08-01,8,31,48.427545564569,256.728424108063,7.74041641426932,21.1700868814349,1950_2022
1971-09-01,9,30,30.3899907600045,221.794990117015,3.42958265460033,21.5991145790367,1950_2022
1971-10-01,10,31,30.9791901341095,168.331385234209,18.4525714345683,19.8163305653538,1950_2022
1971-11-01,11,30,15.8913643657525,125.768395398024,12.2389039240845,11.310180065381,1950_2022
1971-12-01,12,31,18.6011664348645,63.0526092592023,34.9704305012146,9.5080704797341,1950_2022
1972-01-01,1,31,30.6546583591447,54.1819612508575,147.313959071978,7.85573407680857,1950_2022
1972-02-01,2,28.25,42.5345432234902,68.1122176426417,161.547429177829,9.23944502943391,1950_2022
1972-03-01,3,31,62.5389507442141,96.2315833989416,103.644967766842,9.92260399836277,1950_2022
1972-04-01,4,30,90.2319257960153,189.453392727251,39.5371126413078,13.7519660830376,1950_2022
1972-05-01,5,31,88.2724114884803,240.499951782719,14.8871118843657,15.0574084692086,1950_2022
1972-06-01,6,30,55.1455455106388,253.770581775002,11.643473197031,17.4827677506958,1950_2022
1972-07-01,7,31,52.6197324929376,265.770983899515,15.6917067386149,21.8764365367207,1950_2022
1972-08-01,8,31,32.4300380692461,278.767514702439,2.51843804649479,22.1798480165561,1950_2022
1972-09-01,9,30,49.1118408975364,156.779062854053,66.2551580860173,18.3495196532831,1950_2022
1972-10-01,10,31,58.8889227810808,94.1686420016519,166.466471877048,15.130845642672,1950_2022
1972-11-01,11,30,35.766010485702,63.2479617608152,44.8807217302497,12.5740724718293,1950_2022
1972-12-01,12,31,29.6772450133684,49.6091078201993,118.206556991784,9.60759717534893,1950_2022
1973-01-01,1,31,32.9072906794885,53.6662259015352,81.6842611567448,8.51183724498776,1950_2022
1973-02-01,2,28.25,46.7549650320905,88.446886090628,14.2278162305483,9.02009978764204,1950_2022
1973-03-01,3,31,70.9347786635971,135.530617017306,48.6327666537608,11.4560881337095,1950_2022
1973-04-01,4,30,71.0001851277987,201.531581875897,21.4757139206841,14.7559295465696,1950_2022
1973-05-01,5,31,113.975328065691,201.441594660705,123.870273710912,16.0913265692848,1950_2022
1973-06-01,6,30,101.848562234223,250.642896430724,45.4456175482236,20.6280045878436,1950_2022
1973-07-01,7,31,81.9154067200526,269.209219561664,48.8063067203636,21.4116565309855,1950_2022
1973-08-01,8,31,46.8316128359186,294.445869321839,3.40191474919985,24.3626713698946,1950_2022
1973-09-01,9,30,29.4182428645692,201.431762130867,10.81903065188,20.1593594677156,1950_2022
1973-10-01,10,31,33.6365326679388,137.902999624189,35.2386287859644,16.7667553094281,1950_2022
1973-11-01,11,30,40.2589589299962,82.7460852900351,72.9575706290044,13.2147151824373,1950_2022
1973-12-01,12,31,25.8554061105478,56.6918732842265,59.9286473526327,7.84413873363013,1950_2022
1974-01-01,1,31,30.3415806468257,53.2192552654558,83.8929529135074,10.8260744876818,1950_2022
1974-02-01,2,28.25,47.6630689826632,86.4416183238004,57.3727521586043,9.47908212178805,1950_2022
1974-03-01,3,31,64.4403251434195,119.061468195612,68.0061486345075,10.4869106997128,1950_2022
1974-04-01,4,30,82.2695048277143,132.888870543507,90.8968297133094,11.6184229382075,1950_2022
1974-05-01,5,31,92.4493263333212,220.902008508469,22.2231237907559,17.067267953469,1950_2022
1974-06-01,6,30,79.3099228343922,237.000864609939,40.8195788226538,20.3960977242751,1950_2022
1974-07-01,7,31,54.6012853306637,341.412168466796,1.55607949533397,25.741550929529,1950_2022
1974-08-01,8,31,28.394389997037,314.593930302033,0.120429853438256,23.5761205909581,1950_2022
1974-09-01,9,30,17.5762200323628,214.009050004664,3.06316374564426,19.3641121813953,1950_2022
1974-10-01,10,31,12.6374178172764,162.795825818149,4.7271298032575,14.600358692259,1950_2022
1974-11-01,11,30,21.2008766309258,87.570706299825,77.7210164454327,12.730609604738,1950_2022
1974-12-01,12,31,25.3972436047152,60.2676383728614,10.0279900194878,10.2318131497875,1950_2022
1975-01-01,1,31,28.2416691617595,59.0986382477308,61.6482716489693,9.64721459787518,1950_2022
1975-02-01,2,28.25,38.9125653976427,69.0208545994854,94.393148698006,10.6115606388809,1950_2022
1975-03-01,3,31,67.3611111181026,113.49152642293,141.271609480263,9.80375173078392,1950_2022
1975-04-01,4,30,82.1438796245021,171.519111870169,36.0561330062256,13.0562454923321,1950_2022
1975-05-01,5,31,84.4238464394862,209.212007257162,59.865541873868,15.0071619821021,1950_2022
1975-06-01,6,30,85.1588845015943,233.972999010691,29.7048719176547,18.8964333398654,1950_2022
1975-07-01,7,31,41.6849206870654,297.91848734061,0.325522659423282,22.5692582916316,1950_2022
1975-08-01,8,31,26.5541039319426,302.52572312789,0.483286356334989,23.6080077846988,1950_2022
1975-09-01,9,30,24.7627206278827,197.172786342914,18.0863390128409,19.0404088509976,1950_2022
1975-10-01,10,31,28.8563705237516,139.140764462563,29.0069627579555,16.9261912781315,1950_2022
1975-11-01,11,30,26.5768963566232,86.6723285945537,34.8347366430389,12.2696947133956,1950_2022
1975-12-01,12,31,26.3975650757831,59.7862853801607,61.1907569279256,7.75717365979193,1950_2022
1976-01-01,1,31,26.1188495514016,67.4879332633747,38.0310462213,8.14948277066196,1950_2022
1976-02-01,2,28.25,41.7621329666812,77.1985872110793,63.784828607759,10.1825329412791,1950_2022
1976-03-01,3,31,68.8043230114753,133.880263899475,55.6059220572543,11.6184229382075,1950_2022
1976-04-01,4,30,71.7687157827438,144.700873705406,84.1028124430833,11.8996100102842,1950_2022
1976-05-01,5,31,71.9809163852483,224.443391240483,11.2585468553985,16.8305296969094,1950_2022
1976-06-01,6,30,52.5850082804612,290.870253677869,24.7124142831289,23.5094473676822,1950_2022
1976-07-01,7,31,31.2960858673104,298.674899186283,8.57656400790096,23.2785067827119,1950_2022
1976-08-01,8,31,29.7574234518891,270.343837330174,21.5920690031095,22.9509383379213,1950_2022
1976-09-01,9,30,24.1345946118219,183.297841783725,33.3079911890555,18.7969066442507,1950_2022
1976-10-01,10,31,47.5837629496605,112.322526297799,79.0496074183208,14.6245156572141,1950_2022
1976-11-01,11,30,32.7805644799538,65.8100018832553,49.9953190010941,10.3410026313843,1950_2022
1976-12-01,12,31,28.1385825979471,46.4459310110219,123.286548032339,10.9951732423671,1950_2022
1977-01-01,1,31,32.6400292177528,52.5316081330259,133.888268464799,9.50034025094851,1950_2022
1977-02-01,2,28.25,36.1012704088966,55.1719740848321,129.947106228857,10.6018978528988,1950_2022
1977-03-01,3,31,72.3436283690324,130.54517530719,22.6806385117996,12.1083261874959,1950_2022
1977-04-01,4,30,69.5998335978747,176.476825873333,11.7656128333497,13.3065116492664,1950_2022
1977-05-01,5,31,56.6821067113202,205.429948028798,30.221743224175,14.7027842236685,1950_2022
1977-06-01,6,30,72.1086428032002,218.268025792617,29.8422790085132,17.0440772671121,1950_2022
1977-07-01,7,31,49.1796956783109,280.830456099729,17.4271074046427,20.5323430066216,1950_2022
1977-08-01,8,31,27.279527899511,274.022749488673,3.59123118549377,20.4859616339079,1950_2022
1977-09-01,9,30,27.6447105839267,208.25277804126,11.0175075608978,22.4668327602221,1950_2022
1977-10-01,10,31,48.175556186361,119.405291761827,96.7822469511867,16.5435449532434,1950_2022
1977-11-01,11,30,32.6697187124137,65.1445369163877,46.7891535477289,11.2251475487392,1950_2022
1977-12-01,12,31,30.1621336653746,51.2250785814093,176.342479303716,11.4213021041742,1950_2022
1978-01-01,1,31,29.1541761525428,51.3282256512737,46.5976149636009,7.0788460838541,1950_2022
1978-02-01,2,28.25,42.8894344225646,69.1775161437688,178.842783366917,9.98927722163876,1950_2022
1978-03-01,3,31,63.2071043985533,107.646525797277,61.4431788429842,8.86549521192973,1950_2022
1978-04-01,4,30,66.7104539239948,120.744134898174,90.1334569863177,9.91584004817537,1950_2022
1978-05-01,5,31,107.427422253166,195.596594035052,60.84367679472,13.8611555646344,1950_2022
1978-06-01,6,30,76.2210207789399,202.762692064602,20.2848524665771,16.909764541962,1950_2022
1978-07-01,7,31,59.8205198762738,310.192988654482,0.593720944173055,21.9063911732649,1950_2022
1978-08-01,8,31,43.7084717544928,281.827544441752,3.02328187661201,22.7257954245403,1950_2022
1978-09-01,9,30,41.3156885805456,224.756309219575,18.6817697398945,24.4332097075634,1950_2022
1978-10-01,10,31,46.4192665806692,151.002677496977,52.9081628400657,16.8575854976591,1950_2022
1978-11-01,11,30,29.9466076898439,73.2632095121721,40.987520822592,11.7749600711162,1950_2022
1978-12-01,12,31,32.8691104706691,53.2192552654558,212.912104247829,11.0744080874197,1950_2022
1979-01-01,1,31,33.3616351644392,53.5974611882923,126.993994909762,10.0076365150046,1950_2022
1979-02-01,2,28.25,44.2950819169376,73.1567193685674,188.331506363424,10.5777408879438,1950_2022
1979-03-01,3,31,64.4555972269473,105.033466694043,93.1221291828371,9.76799942265046,1950_2022
1979-04-01,4,30,99.9198458790247,175.378808678001,94.7289608028077,12.7499351767021,1950_2022
1979-05-01,5,31,81.9917671376913,235.548892429224,7.92973285056335,16.7194076581162,1950_2022
1979-06-01,6,30,68.4174787441131,278.093326314012,21.7505281024012,21.2551193980767,1950_2022
1979-07-01,7,31,79.9720340911458,281.586867945401,20.4403940156547,23.4823915669325,1950_2022
1979-08-01,8,31,41.1313076591842,307.61431190787,0.262417180658642,23.2089347236413,1950_2022
1979-09-01,9,30,45.8049421659218,209.217702243218,27.9033122819542,20.6135104088705,1950_2022
1979-10-01,10,31,56.9531861939379,102.557937017296,218.134082615603,14.9453201518172,1950_2022
1979-11-01,11,30,42.309605629489,76.7236273398835,12.2541713786244,12.0184622778631,1950_2022
1979-12-01,12,31,24.7176358877301,48.2338135553395,24.4633682869009,10.3554968103574,1950_2022
1980-01-01,1,31,32.4873083824752,62.8119327628518,41.3125311170617,9.36506124720017,1950_2022
1980-02-01,2,28.25,40.6174348833922,69.6161684677624,42.6796083670437,10.2762619653047,1950_2022
1980-03-01,3,31,64.3792368093085,116.551556162243,59.2187107165304,11.5295253071728,1950_2022
1980-04-01,4,30,94.5253518587372,185.527149422732,52.5297164547065,14.9192306296657,1950_2022
1980-05-01,5,31,95.8130027303091,202.369918289485,65.7027986595979,15.5656710118629,1950_2022
1980-06-01,6,30,63.0451538773337,268.810090026209,11.368659015314,19.8965316890046,1950_2022
1980-07-01,7,31,46.4192665806692,321.092195703495,5.31085548183047,22.8030977123964,1950_2022
1980-08-01,8,31,37.0002090649267,278.526838206089,8.57656400790096,23.5790194267527,1950_2022
1980-09-01,9,30,24.7775000635547,236.102486904668,5.75023574465514,22.9441743877339,1950_2022
1980-10-01,10,31,40.9900408865525,142.716529551198,44.0418430736327,16.9087982633638,1950_2022
1980-11-01,11,30,38.1454996288972,73.8288547340096,88.5761766232546,11.8831832741148,1950_2022
1980-12-01,12,31,25.034531620931,75.7053164959111,5.13731541522766,8.1649432282332,1950_2022
1981-01-01,1,31,19.6969384279809,91.5212005417971,3.13371646445008,9.46555422141324,1950_2022
1981-02-01,2,28.25,20.6008753905004,105.272335946666,32.1269982466861,9.83563892452463,1950_2022
1981-03-01,3,31,46.9117912744393,125.559733597074,52.1508970948899,12.917101374191,1950_2022
1981-04-01,4,30,77.3701219024395,138.578596010225,103.263467890575,12.2291110122712,1950_2022
1981-05-01,5,31,83.4006168431267,200.375741605439,45.4143872367638,14.801344640685,1950_2022
1981-06-01,6,30,51.3213665305035,277.328041602114,9.68923901593227,22.8320860703425,1950_2022
1981-07-01,7,31,36.7062214570174,354.271169843234,7.74041641426932,24.6197014770163,1950_2022
1981-08-01,8,31,20.9912475069581,276.773338018393,1.72961956193668,23.62346824227,1950_2022
1981-09-01,9,30,27.0572280159639,211.21409714382,29.5369299177164,21.3237251785491,1950_2022
1981-10-01,10,31,41.3909330791561,151.037059853599,34.1658356469654,17.2769504092788,1950_2022
1981-11-01,11,30,13.0869664469866,115.919513888384,3.9792110180344,16.8015413389634,1950_2022
1981-12-01,12,31,25.1681623517989,63.809021104875,222.803888044187,11.6222880526003,1950_2022
1982-01-01,1,31,34.6101279928331,56.5199615011189,68.0219250041987,10.0578830021111,1950_2022
1982-02-01,2,28.25,42.9277070028569,73.0627224419974,56.6970400664288,10.4579223417667,1950_2022
1982-03-01,3,31,70.2055366751468,155.781825067365,33.9765192106715,12.544117835285,1950_2022
1982-04-01,4,30,97.7140151049757,170.587460916555,66.743716631292,14.495034325055,1950_2022
1982-05-01,5,31,66.4906023570205,251.158482335382,9.50736981967946,17.1841876638514,1950_2022
1982-06-01,6,30,41.2307068254315,266.114956910395,5.38381683569906,20.3883674954895,1950_2022
1982-07-01,7,31,40.7533235918723,266.424248675324,19.1940608100529,20.754587084208,1950_2022
1982-08-01,8,31,31.6511618093307,294.892839957918,9.39693523184139,23.6872426297513,1950_2022
1982-09-01,9,30,34.3139309309259,204.692540468518,45.7509666390202,21.3623763224771,1950_2022
1982-10-01,10,31,33.4150874567863,134.22408746569,14.429597163322,15.4497175800786,1950_2022
1982-11-01,11,30,29.3554302629631,73.4295757538889,80.8661120806385,12.1730668535754,1950_2022
1982-12-01,12,31,24.2632914027794,48.4401076950684,41.7858222077965,8.87129288351895,1950_2022
1983-01-01,1,31,26.3250226790263,64.9780212300059,3.18104557352361,9.12542415484609,1950_2022
1983-02-01,2,28.25,29.6853942217085,76.3839471808056,44.2898159058449,8.5881732542457,1950_2022
1983-03-01,3,31,49.6340401632616,159.804560792079,13.4672386121611,13.7055847103239,1950_2022
1983-04-01,4,30,51.7795290363361,170.387821426495,127.584522972531,12.7847212062374,1950_2022
1983-05-01,5,31,88.4709485743412,193.843093847355,39.2142739481372,14.0544112842749,1950_2022
1983-06-01,6,30,58.3933264995653,273.102339062505,13.8267191962273,21.8165272636321,1950_2022
1983-07-01,7,31,25.164344330917,246.688775974588,5.34240822121279,20.740092905235,1950_2022
1983-08-01,8,31,34.2894142387502,241.084451845285,24.5580265050479,21.7875389056861,1950_2022
1983-09-01,9,30,16.9074505682039,236.335399643071,5.58229374471694,23.269810275328,1950_2022
1983-10-01,10,31,18.5935303931006,157.844766464654,45.5721509336754,18.4587091348799,1950_2022
1983-11-01,11,30,35.3521862868854,54.3307312047896,161.508806960042,14.7936144118995,1950_2022
1983-12-01,12,31,35.0110201854366,61.0584325751558,95.8672175090993,10.7642326573968,1950_2022
1984-01-01,1,31,31.1090028440954,55.1790495928807,43.4738937647509,9.10223346848926,1950_2022
1984-02-01,2,28.25,44.848294668436,89.8255076803221,16.8731571871502,8.99980793707982,1950_2022
1984-03-01,3,31,64.6655883754539,132.84879320083,99.5273352774488,10.1651399265115,1950_2022
1984-04-01,4,30,93.1952026482554,157.44452782092,65.0184942682907,15.4748408236319,1950_2022
1984-05-01,5,31,95.9619055447047,179.1962099266,82.1102231384062,13.0523803779393,1950_2022
1984-06-01,6,30,90.9339489904363,209.250975491561,32.4072113712053,19.702309690766,1950_2022
1984-07-01,7,31,48.2175544160623,296.611957788993,2.47110893742136,22.8668720998778,1950_2022
1984-08-01,8,31,32.502580466003,292.211016141442,5.68948835441831,23.5732217551635,1950_2022
1984-09-01,9,30,19.9630988933941,224.589942977859,7.39912083495713,21.2290298759253,1950_2022
1984-10-01,10,31,37.8172655336615,135.186793451091,43.5054465041332,16.8150692393382,1950_2022
1984-11-01,11,30,35.3817451582294,61.9503050754234,138.103799150476,12.4581190400451,1950_2022
1984-12-01,12,31,30.7310187767835,56.7606379974694,63.3363432059236,10.5922350669168,1950_2022
1985-01-01,1,31,30.3721248138812,50.8812550151943,172.145964965867,7.53976097519649,1950_2022
1985-02-01,2,28.25,41.5881666926251,63.2870420787127,187.238865533523,11.8474309659813,1950_2022
1985-03-01,3,31,74.7031652740705,141.169323503231,15.2657447569535,10.6975594341209,1950_2022
1985-04-01,4,30,90.9708975796163,154.849214450137,116.103397158575,13.8959415941697,1950_2022
1985-05-01,5,31,99.5661172572548,185.41941647509,52.1035679858164,14.5288540759921,1950_2022
1985-06-01,6,30,88.1406356484244,246.483740387802,15.5672090137684,20.2327966411789,1950_2022
1985-07-01,7,31,55.3992516949889,294.342722251975,5.26352637275694,23.2041033306503,1950_2022
1985-08-01,8,31,35.7860784244702,311.602665275963,0.120429853438256,22.9721964670818,1950_2022
1985-09-01,9,30,31.0957088133435,230.446034686293,8.5441799254447,24.1810109934326,1950_2022
1985-10-01,10,31,15.4436631655012,172.663562168517,1.61918497409861,19.4385156334568,1950_2022
1985-11-01,11,30,35.5886572576377,74.1948604657866,94.7136933482679,12.7480026195057,1950_2022
1985-12-01,12,31,31.6473437884487,61.6429326377212,70.3568277184906,10.4994723214894,1950_2022
1986-01-01,1,31,32.1589585866285,59.0642558911093,47.575749884453,8.94183122118767,1950_2022
1986-02-01,2,28.25,34.8139199808816,55.8926171885358,150.477252348571,9.55348557384963,1950_2022
1986-03-01,3,31,69.9840914639944,123.152968633569,39.2616030572107,10.8540965670296,1950_2022
1986-04-01,4,30,78.9921649674438,146.663995357666,64.6520753593347,10.4299002624189,1950_2022
1986-05-01,5,31,85.6532491634704,242.528510823387,14.524255381469,18.0026256365285,1950_2022
1986-06-01,6,30,50.8595091657528,296.4934326479,2.36086083681197,21.0309427632939,1950_2022
1986-07-01,7,31,41.3069366197534,333.332314660746,0.372851768496815,24.7974967390855,1950_2022
1986-08-01,8,31,27.9667716582599,271.375308028818,5.72104109380063,21.6725517525,1950_2022
1986-09-01,9,30,60.9095254227267,179.171958989147,125.111195337077,20.9285172318844,1950_2022
1986-10-01,10,31,60.7864791594043,111.428585025641,69.6942201914618,17.2837143594662,1950_2022
1986-11-01,11,30,35.6256058468178,70.3351636579547,65.4459829954061,12.4194678961169,1950_2022
1986-12-01,12,31,27.6842381129965,54.353873033965,26.7982710011928,9.95545747070167,1950_2022
1987-01-01,1,31,32.6056670298153,59.6143735970531,137.97434821481,9.02783001642769,1950_2022
1987-02-01,2,28.25,41.2263168425885,66.3889406555242,85.8245442950999,9.98154699285311,1950_2022
1987-03-01,3,31,73.0423261904272,131.817322502185,19.888221076464,13.1905582174822,1950_2022
1987-04-01,4,30,92.2751827776721,159.241283231463,104.454329344682,14.3810134504672,1950_2022
1987-05-01,5,31,82.3392070379477,239.330951657589,8.1663783959307,17.5426770237843,1950_2022
1987-06-01,6,30,56.2207494557783,275.631105936601,13.9183239234663,21.2889391490138,1950_2022
1987-07-01,7,31,60.3168625909258,297.987252053853,19.8408919673905,24.3636376484928,1950_2022
1987-08-01,8,31,36.0647939488517,275.294896683668,52.1824498342722,23.9307448364983,1950_2022
1987-09-01,9,30,61.7260892436059,214.973974206622,16.7275355587957,23.8428134840619,1950_2022
1987-10-01,10,31,42.5745195525571,110.465879040239,84.8868642040507,15.0477456832266,1950_2022
1987-11-01,11,30,38.0494332970291,74.2946802108167,51.0029710007231,12.3296039864842,1950_2022
1987-12-01,12,31,31.3648102431853,49.1277548274983,193.38095857017,12.2068866045125,1950_2022
1988-01-01,1,31,31.1395470111509,51.5345197910027,93.1852346616018,9.96608653528187,1950_2022
1988-02-01,2,28.25,47.0715836508726,86.5042829415137,28.6621766676586,9.8269424171408,1950_2022
1988-03-01,3,31,70.8355101206667,153.13438360751,11.6687324673686,12.3895132595727,1950_2022
1988-04-01,4,30,70.501379173868,157.411254572577,47.9952824563758,13.4301953098363,1950_2022
1988-05-01,5,31,89.7958018203739,177.924062731605,77.5035231885869,15.1492049360378,1950_2022
1988-06-01,6,30,91.3366886124988,189.087386995473,124.576834428183,18.3814068470238,1950_2022
1988-07-01,7,31,103.491042723888,268.108984149777,35.8381308342286,21.7624156621328,1950_2022
1988-08-01,8,31,44.8500599981925,300.015811094521,0.104653483747042,22.9866906460549,1950_2022
1988-09-01,9,30,31.2471980289817,262.12216710919,4.07081574527339,23.618636849279,1950_2022
1988-10-01,10,31,40.3257052530952,151.484030489678,61.9953517821749,17.8113024740845,1950_2022
1988-11-01,11,30,41.600192717232,67.3405713070506,144.119176239171,13.8843462509913,1950_2022
1988-12-01,12,31,30.0705011642081,61.6773149943427,2.18713428298037,9.13218810503349,1950_2022
1989-01-01,1,31,31.1624551364425,61.2991090715062,38.0783753303735,9.07614394633777,1950_2022
1989-02-01,2,28.25,47.4125575480225,96.4052925402251,55.7912983258532,10.942027919466,1950_2022
1989-03-01,3,31,67.7161870601228,156.297560416687,32.2253421749525,13.3374325644089,1950_2022
1989-04-01,4,30,75.0201916305883,151.555162864142,78.3927844451853,11.9343960398195,1950_2022
1989-05-01,5,31,83.1677175693284,216.569831574161,100.284601022625,18.1475674262588,1950_2022
1989-06-01,6,30,92.5670766321945,272.303781102264,8.36097047096671,21.6126424794115,1950_2022
1989-07-01,7,31,42.7806926801817,327.727990531443,2.56576715556832,26.2169599998444,1950_2022
1989-08-01,8,31,25.4583319388262,260.785542189399,5.59483013627135,23.4244148510404,1950_2022
1989-09-01,9,30,42.7751578531576,207.354400335988,32.4530137348248,21.1932775677918,1950_2022
1989-10-01,10,31,53.4787871913737,140.344146944315,91.2447411895888,18.9389495981864,1950_2022
1989-11-01,11,30,35.5258446560316,64.4457987011766,198.898803128095,13.3113430422575,1950_2022
1989-12-01,12,31,33.6670768349943,48.9902254010123,276.364663145682,12.5373538850976,1950_2022
1990-01-01,1,31,33.6403506888207,55.3853437326099,57.3097699838998,8.82587778940342,1950_2022
1990-02-01,2,28.25,44.2881232659754,77.8878980059263,4.09213484791593,12.3015819071363,1950_2022
1990-03-01,3,31,82.4155674555865,160.28591378478,58.0039302503109,13.5538789704062,1950_2022
1990-04-01,4,30,93.8270235232343,177.741209310381,116.698827885629,12.8755513944683,1950_2022
1990-05-01,5,31,102.937429696007,231.52615670451,14.918664623748,18.2528917934629,1950_2022
1990-06-01,6,30,57.8908256867166,263.419823794581,7.3380510167978,20.4086593460517,1950_2022
1990-07-01,7,31,51.8217661286124,331.681961542914,3.22837468259714,25.473891757827,1950_2022
1990-08-01,8,31,47.988473163146,291.69528079212,16.1649978293498,24.8081258036657,1950_2022
1990-09-01,9,30,35.1600536231491,200.666477418969,22.2543541022157,21.6570912949288,1950_2022
1990-10-01,10,31,48.4428176480967,118.373821063182,146.446258738964,16.355120626594,1950_2022
1990-11-01,11,30,40.8094929087789,69.4700592010268,61.3848400878103,11.7256798626079,1950_2022
1990-12-01,12,31,29.2878068834107,53.7006082581567,51.5040659375523,9.2655345515854,1950_2022
1991-01-01,1,31,32.8232942200858,59.3393147440813,44.1365012917797,8.46062447928307,1950_2022
1991-02-01,2,28.25,41.556852763295,69.146183834912,83.0785653673229,8.37365940544487,1950_2022
1991-03-01,3,31,70.7018793897988,116.138967882785,101.562486967609,11.8261728368209,1950_2022
1991-04-01,4,30,83.2227784285596,156.313237377245,39.3081008232103,13.1741314813128,1950_2022
1991-05-01,5,31,77.8568505225518,295.85554594332,2.31334524050976,18.9843646923018,1950_2022
1991-06-01,6,30,67.0503809444512,298.123821816725,20.8802831936306,21.4396786103333,1950_2022
1991-07-01,7,31,43.0899523716188,329.51587307576,2.94440002815616,24.809092082264,1950_2022
1991-08-01,8,31,33.804525586744,305.035635161258,5.32663185152158,25.6574846914854,1950_2022
1991-09-01,9,30,28.7383888236562,218.467665282677,21.399376647985,22.4620013672311,1950_2022
1991-10-01,10,31,46.8850651282658,131.542263649213,69.4575746460944,15.1656316722073,1950_2022
1991-11-01,11,30,33.5047568278828,83.9439222303966,33.3843284617546,12.0938320085228,1950_2022
1991-12-01,12,31,31.0975487814496,58.204696975572,56.8207025234738,10.3738561037231,1950_2022
1992-01-01,1,31,30.8761035702971,70.37605121958,24.9839884867093,7.67020858595379,1950_2022
1992-02-01,2,28.25,36.5675000233668,84.5930121012561,33.1477548114619,10.0530516091201,1950_2022
1992-03-01,3,31,44.9951447917061,182.840739728478,28.6756589944411,13.7075172675203,1950_2022
1992-04-01,4,30,83.2227784285596,200.932663405716,85.3700111698895,14.8071423122743,1950_2022
1992-05-01,5,31,55.0327216903228,262.367130593988,42.2433369288403,19.1322053178268,1950_2022
1992-06-01,6,30,72.707209947917,206.256383140657,41.079125549831,17.7021129924877,1950_2022
1992-07-01,7,31,34.6101279928331,329.309578936031,1.71384319224557,24.7549804807646,1950_2022
1992-08-01,8,31,29.4061655307508,289.597957038209,18.1528204104362,24.1607191428704,1950_2022
1992-09-01,9,30,26.6138449458033,221.262618143521,22.5597031930123,20.2115385120185,1950_2022
1992-10-01,10,31,41.0358571371358,115.416938393734,70.293722239726,14.3201378987804,1950_2022
1992-11-01,11,30,28.8529294501144,72.5644712969612,12.2389039240845,13.4185999666579,1950_2022
1992-12-01,12,31,30.1277714774372,64.0153152446042,72.6759540630914,10.7362105780489,1950_2022
1993-01-01,1,31,25.5117842311734,56.176137934904,24.763119311033,8.718620865003,1950_2022
1993-02-01,2,28.25,44.8622119703604,109.439533024605,30.7755740623352,10.2018585132432,1950_2022
1993-03-01,3,31,56.1857639966682,144.745088591866,39.9557633236218,12.2262121764766,1950_2022
1993-04-01,4,30,55.311814161949,178.040668545472,75.1713515372804,12.9731455328867,1950_2022
1993-05-01,5,31,91.0672027740594,158.119825317626,116.770907349889,14.4013053010294,1950_2022
1993-06-01,6,30,76.246884791366,239.030532758885,16.3763841043796,20.1042815876181,1950_2022
1993-07-01,7,31,32.1245963986911,345.538051261375,0.136206223129362,24.5027817666339,1950_2022
1993-08-01,8,31,30.4141230435826,270.275072616931,14.9344409934391,22.9180848655825,1950_2022
1993-09-01,9,30,31.3247900662598,172.11803034035,30.7125239172837,17.9243570700742,1950_2022
1993-10-01,10,31,55.7695997205369,111.325437955776,181.375141235196,14.0901635924083,1950_2022
1993-11-01,11,30,37.6466936749666,64.7785311846104,68.1483224489567,11.4415939547364,1950_2022
1993-12-01,12,31,22.1595618968313,46.0333427315641,5.62638287565367,9.97961443565674,1950_2022
1994-01-01,1,31,35.2095572712975,65.9407272154075,65.5134822233039,8.8964161270722,1950_2022
1994-02-01,2,28.25,40.5722036521377,67.391574538938,84.8181645833491,9.23557991504111,1950_2022
1994-03-01,3,31,74.6573490234872,154.784736725341,11.5267451401483,14.2264088747548,1950_2022
1994-04-01,4,30,66.6919796294047,199.601733471981,29.4147902813978,13.7075172675203,1950_2022
1994-05-01,5,31,79.9071277361528,205.120506819205,92.0808887832204,16.0710347187226,1950_2022
1994-06-01,6,30,61.7667326917039,304.07973327019,0.986789928226865,22.3073967915188,1950_2022
1994-07-01,7,31,30.0437750180345,313.356165463659,2.34489797989208,22.882332557449,1950_2022
1994-08-01,8,31,19.3724066530161,274.985455474075,1.71384319224557,22.8842651146454,1950_2022
1994-09-01,9,30,14.4208105163864,221.196071646834,10.2541348339061,19.5718620800087,1950_2022
1994-10-01,10,31,47.8472063905143,109.159349488622,71.5873845544013,17.0112237947732,1950_2022
1994-11-01,11,30,33.667330620275,65.0779904197008,48.346433910792,13.9249299521158,1950_2022
1994-12-01,12,31,25.2750669364932,52.0846374969465,47.1024587937181,10.8647256316098,1950_2022
1995-01-01,1,31,30.0055948092151,63.3620504687959,42.1486787106933,9.81244823816775,1950_2022
1995-02-01,2,28.25,41.671670504172,84.6556767189696,56.6682863603788,11.4184032683796,1950_2022
1995-03-01,3,31,56.693560773966,170.222414848391,15.5654957810856,13.4466220460058,1950_2022
1995-04-01,4,30,45.7532141410698,225.68796017319,37.4149364602709,16.4034345565041,1950_2022
1995-05-01,5,31,52.4899197829516,247.857776099718,18.910086155612,18.9776007421144,1950_2022
1995-06-01,6,30,47.342003475812,259.127574758286,36.9874477331555,20.9613707042233,1950_2022
1995-07-01,7,31,24.8550846394799,307.37363541152,6.30476677237361,24.1578203070758,1950_2022
1995-08-01,8,31,11.2056599865494,298.743663899525,1.25632847120188,24.8264850970316,1950_2022
1995-09-01,9,30,19.6231718729376,219.399316236291,15.3076622865912,19.6192097313206,1950_2022
1995-10-01,10,31,20.4796327087783,166.302826193541,43.3950119162951,19.7477247848815,1950_2022
1995-11-01,11,30,37.6762525463106,69.2038732142799,154.012486780983,14.8216364912473,1950_2022
1995-12-01,12,31,32.3842218186629,54.9727554531518,185.193022700457,11.716983355224,1950_2022
1996-01-01,1,31,35.0262922689644,49.4715783937133,253.80445448732,10.4395630484009,1950_2022
1996-02-01,2,28.25,45.8781750108479,79.8305011550406,63.6841906365839,8.29732339618693,1950_2022
1996-03-01,3,31,76.5434513391649,123.39364512992,76.8566920312493,11.7913868072856,1950_2022
1996-04-01,4,30,93.5609936811379,168.058694042458,31.5522339169746,14.5993924136608,1950_2022
1996-05-01,5,31,116.17832611457,202.198006506378,100.473917458919,16.0932591264813,1950_2022
1996-06-01,6,30,79.6904933029467,319.751433239922,1.71962774613892,23.3712695281393,1950_2022
1996-07-01,7,31,50.9436213257665,331.510049759807,1.08278840459907,24.1839098292272,1950_2022
1996-08-01,8,31,31.7466123313791,272.888131720164,1.30365758027531,21.6493610661432,1950_2022
1996-09-01,9,30,45.3874231081873,189.519939223937,33.995026643348,19.3467191666276,1950_2022
1996-10-01,10,31,38.225793768029,151.724706986029,42.2275605591491,17.1368400125395,1950_2022
1996-11-01,11,30,30.5673439880688,78.4871095020825,69.8277424483385,12.6571724312747,1950_2022
1996-12-01,12,31,30.6813845053183,49.9185490297926,227.363258884933,10.3786874967142,1950_2022
1997-01-01,1,31,37.416373341058,60.2332560162401,116.534261804521,9.62595646871478,1950_2022
1997-02-01,2,28.25,44.6673697434176,76.6972702693725,5.48668959134192,11.9256995324357,1950_2022
1997-03-01,3,31,74.5008101673278,203.745212554345,1.27210484089299,17.0489086601031,1950_2022
1997-04-01,4,30,81.4566358657532,194.477653227101,51.2167153642808,17.3677805975098,1950_2022
1997-05-01,5,31,77.22305905615,201.682271157055,77.4719704492046,16.2285381302295,1950_2022
1997-06-01,6,30,84.96305697894,232.043150606775,36.2393424607036,17.9746035571807,1950_2022
1997-07-01,7,31,60.9315639529179,295.064751741026,16.7329471382316,23.2930009616849,1950_2022
1997-08-01,8,31,48.0762876434306,255.387512199825,21.3238707183597,22.4291478948923,1950_2022
1997-09-01,9,30,40.1961463283901,204.126895246681,36.4225519151816,22.32285724909,1950_2022
1997-10-01,10,31,60.4008590503284,133.261381480288,87.5846234212393,18.3930021902022,1950_2022
1997-11-01,11,30,41.7590716507062,66.1760076150324,239.785046385771,13.6021929003163,1950_2022
1997-12-01,12,31,30.1659516862566,49.2309018973628,169.542863966825,11.138182474901,1950_2022
1998-01-01,1,31,32.8271122409678,53.1504905522129,65.6712459202156,10.1670724837079,1950_2022
1998-02-01,2,28.25,53.7518885746258,89.4495199740417,51.435111859275,12.6832619534261,1950_2022
1998-03-01,3,31,76.1387411256794,167.987561667994,36.7058311672425,14.5704040557148,1950_2022
1998-04-01,4,30,82.3360122882384,155.281766678601,60.6214673608185,12.3556935086356,1950_2022
1998-05-01,5,31,102.906885528951,179.058680500114,132.594606150124,16.1319102704093,1950_2022
1998-06-01,6,30,103.193490880377,285.346894452868,5.33801447207962,20.7526545270117,1950_2022
1998-07-01,7,31,59.5341683101284,324.943019645102,0.783037380466974,24.0669901188448,1950_2022
1998-08-01,8,31,43.8993727985898,305.654517580445,0.925024707687468,25.7434834867254,1950_2022
1998-09-01,9,30,44.0831379101315,189.919218204058,81.6600197167098,20.7120708258872,1950_2022
1998-10-01,10,31,54.4142023074487,134.361616892175,13.0097238911174,16.4246926856646,1950_2022
1998-11-01,11,30,29.5180040553553,87.1381540713611,22.3459588294547,13.2185802968301,1950_2022
1998-12-01,12,31,14.9740465970228,63.5339622519032,43.1268136315453,8.95825795735715,1950_2022
1999-01-01,1,31,34.365774656389,65.0811682998703,56.2212004752096,8.72635109378865,1950_2022
1999-02-01,2,28.25,38.4150218538423,92.3007600799998,10.8492557696708,9.09063812531082,1950_2022
1999-03-01,3,31,63.104017834741,132.780028487587,63.8727397754231,12.343131886859,1950_2022
1999-04-01,4,30,62.8936646616955,205.857104160536,61.2321655424119,15.2980118401609,1950_2022
1999-05-01,5,31,89.352911398069,208.627507194597,45.8087964790428,17.1928841712352,1950_2022
1999-06-01,6,30,42.0177117749666,300.086943468985,1.29213901902351,21.7372924185796,1950_2022
1999-07-01,7,31,31.5862554543377,314.353253805683,2.72353085247992,24.0959784767908,1950_2022
1999-08-01,8,31,33.18600620387,269.518660771258,15.2184156478801,22.4919560037754,1950_2022
1999-09-01,9,30,40.2774332245862,181.501086373183,64.9268895410518,19.7303317701139,1950_2022
1999-10-01,10,31,51.0123457016414,128.4822339099,147.47172276889,16.5821960971715,1950_2022
1999-11-01,11,30,40.7762391785169,89.334188462024,42.1631148221592,11.0676441372323,1950_2022
1999-12-01,12,31,28.1042204100097,52.7035199161335,31.8309329326734,10.2801270796975,1950_2022
2000-01-01,1,31,31.0784586770399,60.8865207920484,11.8738252733538,7.62672604903469,1950_2022
2000-02-01,2,28.25,39.3266051298962,83.0890612761354,22.9401891637045,11.9392274328105,1950_2022
2000-03-01,3,31,54.6012853306637,165.13382606841,29.0227391276466,13.8630881218309,1950_2022
2000-04-01,4,30,78.2753623373508,139.044421487032,163.844727504636,11.9372948756141,1950_2022
2000-05-01,5,31,108.786637687137,179.987004128894,101.5782633373,16.6971832503576,1950_2022
2000-06-01,6,30,74.074307747579,299.521298247147,3.06316374564426,22.2445886826357,1950_2022
2000-07-01,7,31,46.369632309204,306.961047132062,3.98564042777282,23.14516033616,1950_2022
2000-08-01,8,31,29.2572627163552,308.370723753543,1.30365758027531,23.5732217551635,1950_2022
2000-09-01,9,30,22.7379379408159,228.25000029563,15.7656859227862,21.400061187807,1950_2022
2000-10-01,10,31,37.3132867772456,143.954294389572,41.0285564626208,16.2140439512565,1950_2022
2000-11-01,11,30,32.5219243556935,66.7416528368699,101.202361527697,11.8329367870083,1950_2022
2000-12-01,12,31,31.6358897258029,50.2967549526291,218.954453839544,11.2541359066852,1950_2022
2001-01-01,1,31,35.3546420648111,57.3107557034132,140.624778322925,10.2366445427785,1950_2022
2001-02-01,2,28.25,49.5662600208367,85.3136552049598,77.1840556270686,10.8869500393685,1950_2022
2001-03-01,3,31,68.139987378018,107.852819937006,166.261379071063,13.108424536635,1950_2022
2001-04-01,4,30,89.8217964561167,194.477653227101,13.3686955600323,14.4728099172964,1950_2022
2001-05-01,5,31,100.455716122746,204.639153826504,54.8802090514609,16.7967099459723,1950_2022
2001-06-01,6,30,72.4559595414927,312.764051087812,8.8037266526219,22.2426561254392,1950_2022
2001-07-01,7,31,46.0145563671837,305.07001751788,5.08998630615423,22.1759829021633,1950_2022
2001-08-01,8,31,37.6950888654395,279.764603044462,3.67011303394962,23.1828452014898,1950_2022
2001-09-01,9,30,36.7303686633013,195.575670422432,40.0562060956621,21.0763578574093,1950_2022
2001-10-01,10,31,60.9659261408554,110.225202543888,142.091980704203,17.3107701602158,1950_2022
2001-11-01,11,30,45.6201992200216,99.7154419451581,42.6974757310534,11.0193302073221,1950_2022
2001-12-01,12,31,33.0752835982938,66.0094919286507,88.720522039003,9.11866020465868,1950_2022
2002-01-01,1,31,32.8996546377246,55.2134319495023,61.0645459703963,10.406709576062,1950_2022
2002-02-01,2,28.25,44.7543528804457,83.9663659241226,17.8220294868008,10.8946802681541,1950_2022
2002-03-01,3,31,76.722898320616,123.049821563705,107.841482104691,13.0156617912077,1950_2022
2002-04-01,4,30,96.9270101554406,172.949861548935,67.3086124492658,13.9423229668834,1950_2022
2002-05-01,5,31,85.9854169801991,233.038980395856,35.3806161131849,15.9193289788049,1950_2022
2002-06-01,6,30,58.9955885032001,275.997111668379,7.97928410747086,20.720767333271,1950_2022
2002-07-01,7,31,44.4109875967695,333.263549947503,2.39222708896551,23.1055429136337,1950_2022
2002-08-01,8,31,35.2210113339433,285.575221313494,6.7622814934173,22.5518652768639,1950_2022
2002-09-01,9,30,52.7845306620335,147.129820834473,117.156851521824,19.2037099340937,1950_2022
2002-10-01,10,31,60.5383078020782,107.26831987444,66.6651572107588,17.0991551472096,1950_2022
2002-11-01,11,30,35.9396688548482,63.1481420157848,96.36257843857,12.6098247799628,1950_2022
2002-12-01,12,31,31.0402784682205,50.9500197284375,129.328897624053,11.5314578643693,1950_2022
2003-01-01,1,31,37.6454545939743,66.2845507816225,73.3701143295025,8.58527441845115,1950_2022
2003-02-01,2,28.25,38.8951687702371,64.91632213926,94.7813237296813,9.17663692055078,1950_2022
2003-03-01,3,31,74.2602748517656,120.849350739929,64.8193219568928,12.9905385476544,1950_2022
2003-04-01,4,30,90.76029062129,147.994925291401,80.2859488081247,13.6978544815383,1950_2022
2003-05-01,5,31,104.269918983803,281.483720875537,5.32663185152158,19.0742286019346,1950_2022
2003-06-01,6,30,62.3985535666828,297.225444111454,4.97159556312354,22.4706978746149,1950_2022
2003-07-01,7,31,47.6677594090632,309.367812095566,3.19682194321482,22.8900627862346,1950_2022
2003-08-01,8,31,41.9025478773358,290.388751240503,10.4855047405315,25.8401113465456,1950_2022
2003-09-01,9,30,25.7270788054821,235.170835951053,25.0788331920849,22.5016187897574,1950_2022
2003-10-01,10,31,62.7374878300749,124.940851177887,155.612329529529,15.7917802038422,1950_2022
2003-11-01,11,30,39.5864946069192,69.6031521944004,98.5610918923061,12.706452639783,1950_2022
2003-12-01,12,31,27.8331409273921,46.8241369338584,70.4988150457111,9.48681235057364,1950_2022
2004-01-01,1,31,27.7987787394546,46.9960487169658,69.1735999916535,10.3448677457771,1950_2022
2004-02-01,2,28.25,44.135032944806,73.0627224419974,58.5229004006051,10.5680781019618,1950_2022
2004-03-01,3,31,73.7181158865303,131.989234285293,50.305061841024,11.1343173605082,1950_2022
2004-04-01,4,30,90.2614846673593,184.662044965804,25.8422059190766,13.9423229668834,1950_2022
2004-05-01,5,31,91.1435631916982,219.32042010388,55.4008292512692,16.455613600807,1950_2022
2004-06-01,6,30,64.027986349523,315.159724968535,1.50588338258126,24.3752329916712,1950_2022
2004-07-01,7,31,41.6734666244195,350.695404754599,0.183535332202896,24.4689620156968,1950_2022
2004-08-01,8,31,42.5019771558002,273.403867069486,18.9416388949943,23.0958801276517,1950_2022
2004-09-01,9,30,27.7814203638929,218.00183980587,10.544216470163,22.1769491807615,1950_2022
2004-10-01,10,31,36.2060607214834,127.622674994363,161.134058921436,16.9522808002829,1950_2022
2004-11-01,11,30,40.7836288963529,78.2874700120222,19.7810264667626,11.8242402796245,1950_2022
2004-12-01,12,31,29.9215983498125,65.5625212925713,27.7290768129714,8.8423045255729,1950_2022
2005-01-01,1,31,25.3399732914861,69.8259335136361,0.435957247261455,7.85090268381754,1950_2022
2005-02-01,2,28.25,28.0501112455814,112.854754689983,11.179923389246,7.89148638494203,1950_2022
2005-03-01,3,31,43.4221201883474,154.131471949533,34.5760212589356,12.620453844543,1950_2022
2005-04-01,4,30,52.9729684668518,191.21687488945,22.6207730111717,14.4022715796276,1950_2022
2005-05-01,5,31,57.564069535048,250.539599916195,35.3017342647291,18.1118151181254,1950_2022
2005-06-01,6,30,31.5908199083562,309.403453005131,1.62802301889992,23.785803046768,1950_2022
2005-07-01,7,31,22.3542809618101,316.966312908916,1.91893599823071,23.8012635043392,1950_2022
2005-08-01,8,31,20.307821769091,319.544989655528,3.70166577333194,25.5193068519425,1950_2022
2005-09-01,9,30,16.6192515725995,244.420798990512,6.95636465330194,22.035872505424,1950_2022
2005-10-01,10,31,37.9623503271752,145.020147444838,148.686503235109,18.0354791088674,1950_2022
2005-11-01,11,30,41.4745675140198,73.4295757538889,76.866038991202,11.1101603955531,1950_2022
2005-12-01,12,31,30.200313874194,58.342226402058,55.6374747966367,9.19499621391662,1950_2022
2006-01-01,1,31,29.5894305330838,56.9669321371983,45.5405981942931,7.61802954165086,1950_2022
2006-02-01,2,28.25,43.0529627201773,73.4073778394208,52.4846221301008,8.65291392032526,1950_2022
2006-03-01,3,31,66.7349556934646,108.918672992272,100.48969382861,11.9778785767386,1950_2022
2006-04-01,4,30,97.8433351671058,166.89413035044,54.4228808176459,15.3453594914728,1950_2022
2006-05-01,5,31,72.8972413969135,281.999456224859,4.86911713047789,19.5390086076699,1950_2022
2006-06-01,6,30,78.6300687934792,260.0592257119,54.3770784540264,21.4841274258506,1950_2022
2006-07-01,7,31,50.0082062096915,322.81131353457,8.62389311697439,25.1125035620994,1950_2022
2006-08-01,8,31,28.0469500967806,317.997783607561,4.44315514881652,25.4265441065151,1950_2022
2006-09-01,9,30,39.3204647648229,210.71499841867,49.9342491829347,21.9295818596217,1950_2022
2006-10-01,10,31,52.963354372312,125.903557163289,202.46814751228,18.3359917529083,1950_2022
2006-11-01,11,30,42.2615724635549,64.911624177984,157.264454597968,14.4911692106622,1950_2022
2006-12-01,12,31,31.9451494172399,56.451196787876,36.8793712338453,9.02589745923126,1950_2022
2007-01-01,1,31,29.2992609460565,54.1131965376146,19.4622590948026,8.71378947201202,1950_2022
2007-02-01,2,28.25,39.0969696481421,64.1016821089863,87.9091879837264,11.042520893679,1950_2022
2007-03-01,3,31,72.5192573296016,155.43800150115,14.9659937328214,11.6638380323229,1950_2022
2007-04-01,4,30,89.7626787134287,167.226862833874,71.8125115385169,13.8109090775279,1950_2022
2007-05-01,5,31,95.2937518903654,223.033714619002,54.3595888516525,16.7609576378389,1950_2022
2007-06-01,6,30,76.3244768286441,240.927107914458,48.7739226379073,19.4549423696263,1950_2022
2007-07-01,7,31,47.0110598173697,336.082903190465,1.09856477429028,23.4137857864602,1950_2022
2007-08-01,8,31,34.617764034597,296.027457726428,9.85444995288508,23.0601278195182,1950_2022
2007-09-01,9,30,54.3807097146117,184.728591462491,66.6063095404334,21.2328949903181,1950_2022
2007-10-01,10,31,46.8583389820922,154.509677872369,25.1575285533121,17.5320479592041,1950_2022
2007-11-01,11,30,21.337586410892,118.714466749227,42.1478473676194,13.1712326455182,1950_2022
2007-12-01,12,31,24.0342101498631,62.3649621267726,21.0556724336099,9.72355060713318,1950_2022
2008-01-01,1,31,30.7653809647209,56.8981674239554,61.9637990427925,11.0492848438664,1950_2022
2008-02-01,2,28.25,42.416246157132,86.9429352655073,68.097884515262,12.08996689413,1950_2022
2008-03-01,3,31,59.2401807022191,144.470029738894,22.8226258390201,11.8416332943921,1950_2022
2008-04-01,4,30,90.4425327543416,175.378808678001,155.737709143984,14.8042434764797,1950_2022
2008-05-01,5,31,86.0846855231295,179.1962099266,76.5253882677349,15.34149437708,1950_2022
2008-06-01,6,30,78.3899029638089,292.667009088411,3.41431520006045,21.9904574113085,1950_2022
2008-07-01,7,31,35.9044370718103,314.937753868248,2.13980517390695,23.0987789634463,1950_2022
2008-08-01,8,31,23.7516766045997,295.16789881089,3.14949283414129,22.6262687289255,1950_2022
2008-09-01,9,30,33.9481398980434,198.80317551174,33.4759331889937,20.1313373883677,1950_2022
2008-10-01,10,31,44.1399081141519,156.641383982902,49.6582306836863,16.2604253239702,1950_2022
2008-11-01,11,30,25.690130216302,93.0607922764823,30.8499310081422,10.588369952524,1950_2022
2008-12-01,12,31,24.4465564051125,53.1848729088342,49.8633234896714,9.16504157737239,1950_2022
2009-01-01,1,31,29.4252556351605,52.6691375595119,102.272423603711,8.41134427077475,1950_2022
2009-02-01,2,28.25,46.626229989289,80.7391381118844,66.4445464173859,10.0723771810841,1950_2022
2009-03-01,3,31,68.7088724894269,176.617533179988,21.7498327000211,14.3723169430834,1950_2022
2009-04-01,4,30,60.5030909417462,177.940848800442,51.7358088186351,12.8687874442809,1950_2022
2009-05-01,5,31,79.9453079449722,263.536130719118,41.1074383110766,18.4210242695501,1950_2022
2009-06-01,6,30,47.9479603383648,262.820905324401,19.9947708303202,22.4716641532131,1950_2022
2009-07-01,7,31,26.5961021616439,328.518784733737,2.64464900402406,22.9296802087609,1950_2022
2009-08-01,8,31,16.3523521354026,309.67725330516,1.24055210151067,24.9839885085385,1950_2022
2009-09-01,9,30,18.3595301229799,239.063806007228,12.0862293786862,22.2629479760015,1950_2022
2009-10-01,10,31,32.4147659857184,159.048148946406,40.460607153739,19.63563646749,1950_2022
2009-11-01,11,30,23.4177919817289,88.6687234951564,43.1249644581687,13.7664602620106,1950_2022
2009-12-01,12,31,30.1277714774372,56.0386085084182,194.106671575964,10.7565024286112,1950_2022
2010-01-01,1,31,32.5216705704127,57.9984028358431,98.1390147446266,9.3563647398164,1950_2022
2010-02-01,2,28.25,43.2686809000068,65.9816206403873,209.465480310189,9.77186453704326,1950_2022
2010-03-01,3,31,70.629336993042,113.663438206038,100.047955477257,11.3681567812731,1950_2022
2010-04-01,4,30,101.456907188915,166.428304873632,75.4003633553778,15.2236083880994,1950_2022
2010-05-01,5,31,109.569331967934,241.9096284042,43.5527756132067,16.8227994681238,1950_2022
2010-06-01,6,30,78.6744071004953,271.571769638709,20.9108181027103,21.2638159054605,1950_2022
2010-07-01,7,31,53.833863133394,355.543317038229,0.215088071585216,25.9174136344017,1950_2022
2010-08-01,8,31,38.3326983527232,330.89116734062,2.17135791328927,26.8334457454973,1950_2022
2010-09-01,9,30,26.425407140985,219.964961458129,7.68920247121399,21.7943028558735,1950_2022
2010-10-01,10,31,49.7371267270739,127.725822064228,101.625592446373,16.0720009973208,1950_2022
2010-11-01,11,30,37.6947268409006,75.9583426279858,80.9729842624173,11.8039484290622,1950_2022
2010-12-01,12,31,33.9534284011397,57.5514321997637,175.44322623132,10.3294072882059,1950_2022
2011-01-01,1,31,36.8971225011143,68.3818745355334,59.187157977148,9.53029488749274,1950_2022
2011-02-01,2,28.25,46.3861565310917,77.4492456819327,62.8790868671833,10.1119946036104,1950_2022
2011-03-01,3,31,73.6875717194748,119.302144691962,75.8627807407061,11.5836369086721,1950_2022
2011-04-01,4,30,97.6327282087795,188.421922028606,131.431921516569,17.4566782285444,1950_2022
2011-05-01,5,31,128.972514089946,203.538918414616,100.000626368184,19.2810122219499,1950_2022
2011-06-01,6,30,105.680130932195,286.078905916422,7.39912083495713,21.2628496268624,1950_2022
2011-07-01,7,31,55.269438985003,330.788020270756,0.719931901702334,22.6900431164068,1950_2022
2011-08-01,8,31,47.2286870076402,278.905044128925,15.5339430417033,23.130666157187,1950_2022
2011-09-01,9,30,50.6193433360825,218.567485027707,30.4224422810268,21.9691992821481,1950_2022
2011-10-01,10,31,31.9795116051774,199.997535682602,54.0913905669028,20.5400732354072,1950_2022
2011-11-01,11,30,40.2737383656682,68.1058560189483,144.531397511746,12.4513550898576,1950_2022
2011-12-01,12,31,26.8748176860255,50.365519665872,11.6687324673686,9.40274611253005,1950_2022
2012-01-01,1,31,30.2499481456592,60.92090314867,11.5267451401483,8.99884165848164,1950_2022
2012-02-01,2,28.25,34.2259139745721,115.204677854234,0.368529914438244,8.22581877991996,1950_2022
2012-03-01,3,31,37.8974439721823,193.327358498033,10.6905975465166,14.237037939335,1950_2022
2012-04-01,4,30,54.8684310917884,162.16932908568,54.5144855448849,12.1827296395575,1950_2022
2012-05-01,5,31,88.604579305209,244.557069864055,53.5392176277121,18.8906356682763,1950_2022
2012-06-01,6,30,36.0542094813063,298.622920541876,3.46011756368,21.6976749960533,1950_2022
2012-07-01,7,31,27.3329801918581,341.03396254396,0.372851768496815,23.1770475299007,1950_2022
2012-08-01,8,31,23.4882331637459,303.178987903698,4.5693661063459,23.5915810485293,1950_2022
2012-09-01,9,30,27.3306475758963,231.111499653161,39.705054641246,22.4194851089102,1950_2022
2012-10-01,10,31,45.2013179193308,130.442028237325,86.7484758276078,16.7648227522317,1950_2022
2012-11-01,11,30,38.008789848931,66.2758273600625,189.616190767876,11.8145774936424,1950_2022
2012-12-01,12,31,26.653372474873,42.9733129922515,74.1116037049871,10.4521246701775,1950_2022
2013-01-01,1,31,31.4106264937685,50.6405785188439,80.0908478179375,9.93999701313044,1950_2022
2013-02-01,2,28.25,42.9798968850737,75.6319717682452,46.7482577731217,8.59686976162953,1950_2022
2013-03-01,3,31,62.5885850156793,96.5754069651565,226.290465745934,11.1777998974273,1950_2022
2013-04-01,4,30,97.0969736656688,185.793335409479,29.6590695540352,13.9423229668834,1950_2022
2013-05-01,5,31,82.8431857943636,248.167217309312,15.1868629084978,16.2778183387379,1950_2022
2013-06-01,6,30,64.4011671002416,294.23085176055,7.06323683508082,21.3459495863077,1950_2022
2013-07-01,7,31,52.1959321750424,322.226813472004,2.26601613143623,24.9308431856374,1950_2022
2013-08-01,8,31,37.7370870951408,319.063636662827,0.120429853438256,25.2651755806153,1950_2022
2013-09-01,9,30,31.2878414770798,225.355227689756,55.7358819080717,23.0465999191434,1950_2022
2013-10-01,10,31,57.502981200937,116.929762085079,95.8198884000258,17.5020933226598,1950_2022
2013-11-01,11,30,37.0037882232337,88.1696247700058,10.6663561064816,11.4744474270753,1950_2022
2013-12-01,12,31,28.207306973822,66.2845507816225,86.874686785137,9.79602150199833,1950_2022
2014-01-01,1,31,32.1207783778091,56.1417555782826,102.840372912593,10.5400560226139,1950_2022
2014-02-01,2,28.25,40.9758054079477,67.3289099212247,141.851140533565,9.84240287471204,1950_2022
2014-03-01,3,31,74.7527995455357,135.564999373927,47.6230789935264,12.060978536184,1950_2022
2014-04-01,4,30,91.1593353844346,149.359128473479,82.6371368072592,15.1240816924845,1950_2022
2014-05-01,5,31,99.0239582920195,265.564689759786,25.8043597106497,17.8286954888522,1950_2022
2014-06-01,6,30,71.0519131526508,265.715677930275,24.529204828651,20.5004558128809,1950_2022
2014-07-01,7,31,55.078537940906,293.208104483465,6.63607053588802,22.791502369218,1950_2022
2014-08-01,8,31,33.3387270391475,293.758222189409,1.57185586502508,22.6736163802374,1950_2022
2014-09-01,9,30,60.8984408459727,152.952639294564,111.08040461497,20.2888407998747,1950_2022
2014-10-01,10,31,69.3808441646481,126.763116078826,89.2726949781936,19.1370367108178,1950_2022
2014-11-01,11,30,38.9509788730224,68.2056757639785,126.393661518423,13.3557918577748,1950_2022
2014-12-01,12,31,29.6237927210213,52.6691375595119,18.7523224587004,8.62972323396843,1950_2022
2015-01-01,1,31,31.9260593128302,57.2419909901703,42.606193431737,8.30988501796355,1950_2022
2015-02-01,2,28.25,43.3800193154027,90.0135015334621,20.0791954117274,8.68383483546774,1950_2022
2015-03-01,3,31,65.8071766191535,163.75853180355,19.2413899191264,12.6107910585609,1950_2022
2015-04-01,4,30,83.0380354826594,158.342905526191,107.248273525472,15.3637187848387,1950_2022
2015-05-01,5,31,86.2221342748793,289.804251177938,5.89458116040345,20.2917396356693,1950_2022
2015-06-01,6,30,62.1362185835044,298.95565302531,20.8192133754713,23.2688439967299,1950_2022
2015-07-01,7,31,35.7020819650675,328.793843586709,4.50626062758116,24.067956397443,1950_2022
2015-08-01,8,31,25.9203124655408,287.019280291597,4.03296953684636,23.5596938547887,1950_2022
2015-09-01,9,30,25.5571152952538,212.045928352405,14.9107084685555,20.6086790158795,1950_2022
2015-10-01,10,31,50.9245312213568,117.239203294673,106.689807117236,17.4914642580796,1950_2022
2015-11-01,11,30,37.6466936749666,77.2559993133776,24.2085882833144,14.0041647971684,1950_2022
2015-12-01,12,31,25.8210439226104,62.8463151194733,39.9873160630041,12.7412386693182,1950_2022
2016-01-01,1,31,32.2887712966144,54.2507259641006,82.488856010994,11.3720218956659,1950_2022
2016-02-01,2,28.25,44.8726499468038,88.8855384146216,62.6921877778581,10.3525979745627,1950_2022
2016-03-01,3,31,61.9051592778123,123.703086339513,36.4849619915662,10.3902828398926,1950_2022
2016-04-01,4,30,83.9728347889146,151.721529105859,86.1944537150405,13.2765570127222,1950_2022
2016-05-01,5,31,104.594450758768,193.086682001683,143.227879321967,16.0072603312412,1950_2022
2016-06-01,6,30,77.8319792671901,298.589647293533,2.95629156386548,22.0977143357089,1950_2022
2016-07-01,7,31,61.4966310434448,350.970463607571,13.9563060725871,26.1106693540422,1950_2022
2016-08-01,8,31,30.8646495076513,326.112019770233,0.909248337996361,26.2092297710587,1950_2022
2016-09-01,9,30,28.1139576665134,254.236407251809,13.4297653781916,23.169317301115,1950_2022
2016-10-01,10,31,38.8595852344308,140.825499937016,70.0255239549762,18.3089359521586,1950_2022
2016-11-01,11,30,37.6540833928026,80.9826031278359,81.5226126258513,12.5508817854724,1950_2022
2016-12-01,12,31,30.8341053405958,56.8637850673338,45.2092944307787,11.0454197294736,1950_2022
2017-01-01,1,31,31.5404392037544,63.2245210423098,55.3535001421957,8.62199300518279,1950_2022
2017-02-01,2,28.25,47.4891027086072,86.2536244706603,53.4334944297515,11.2560684638817,1950_2022
2017-03-01,3,31,72.1412732622897,141.238088216474,80.1855060360844,12.6629701028639,1950_2022
2017-04-01,4,30,72.0569147783482,234.339004742468,3.01736138202481,17.670225798747,1950_2022
2017-05-01,5,31,75.9631121651102,253.221423732671,47.780842690438,19.5718620800087,1950_2022
2017-06-01,6,30,39.1098578064966,322.712752342482,7.36858592587746,23.9578006372479,1950_2022
2017-07-01,7,31,26.7755491430951,339.41799178275,5.61060650596257,24.0215750247293,1950_2022
2017-08-01,8,31,17.2075888129569,327.281019895363,3.40191474919985,24.4979503736429,1950_2022
2017-09-01,9,30,9.40319210573547,259.227394503316,0.20814974669537,21.4145553667801,1950_2022
2017-10-01,10,31,26.6610085166369,209.521448466755,28.7387644732058,21.5962157432421,1950_2022
2017-11-01,11,30,21.5666676638083,108.067027279346,43.2013017308679,13.9046381015535,1950_2022
2017-12-01,12,31,27.2298936280458,62.0211385605577,47.2759988603209,9.76413430825767,1950_2022
2018-01-01,1,31,30.7539269020751,66.6283743478374,47.8439481692027,9.42593679888694,1950_2022
2018-02-01,2,28.25,32.5419204417093,104.645689769532,55.590022383503,9.54768790226041,1950_2022
2018-03-01,3,31,70.3582575104244,113.93849705901,229.145988660034,10.6917617625317,1950_2022
2018-04-01,4,30,91.2036736914506,146.697268606009,110.225427160739,13.2649616695438,1950_2022
2018-05-01,5,31,99.6844759045949,207.939860062167,48.3803447387022,16.4140636210843,1950_2022
2018-06-01,6,30,85.7685362230651,230.279668444576,32.2240019167273,19.7825108144168,1950_2022
2018-07-01,7,31,47.801390139931,273.403867069486,4.83756439109557,21.5469355347337,1950_2022
2018-08-01,8,31,36.3625995776429,336.770550322895,3.54390207642034,26.7097620849274,1950_2022
2018-09-01,9,30,20.5468866024389,255.13478495708,4.08608319981317,24.8661025195579,1950_2022
2018-10-01,10,31,27.649875925059,168.572061730559,49.7055597927598,18.0895907103667,1950_2022
2018-11-01,11,30,35.780789921374,66.6418330918397,93.6602389850194,12.4426585824738,1950_2022
2018-12-01,12,31,27.4437027974343,53.5286964750492,19.2098371797441,10.9758476704031,1950_2022
2019-01-01,1,31,27.3062540456845,64.0496976012255,34.7653376952296,9.01913350904385,1950_2022
2019-02-01,2,28.25,47.2351119484853,96.9379417907887,29.9992239989846,11.2232149915428,1950_2022
2019-03-01,3,31,57.3311702612498,183.528386860908,33.0457133988929,13.8601892860362,1950_2022
2019-04-01,4,30,83.7289741003263,168.158513787488,98.8664409831027,13.4214988024525,1950_2022
2019-05-01,5,31,60.67957457471,299.637605171684,10.2804119345465,20.2733803423034,1950_2022
2019-06-01,6,30,25.1432910964373,286.810917379977,5.73496829011526,19.9264863255489,1950_2022
2019-07-01,7,31,17.4443061076371,294.858457601297,2.28179250112744,22.9161523083861,1950_2022
2019-08-01,8,31,18.9371522724751,298.193546193582,7.6930873051959,23.7684100320003,1950_2022
2019-09-01,9,30,18.6551188364203,247.615030831477,12.1320317423057,22.5972803709794,1950_2022
2019-10-01,10,31,21.9113905395053,149.111647882795,28.1550387946328,17.665394405756,1950_2022
2019-11-01,11,30,29.9207436774179,78.0212840252753,86.331860805899,12.8842479018522,1950_2022
2019-12-01,12,31,32.2887712966144,57.7921086961142,139.646643402073,11.8522623589723,1950_2022
2020-01-01,1,31,31.6587978510945,62.0211385605577,44.357370467456,9.91100865518439,1950_2022
2020-02-01,2,28.25,41.8978266604449,82.9010674229953,4.33654134934113,12.8939106878342,1950_2022
2020-03-01,3,31,57.4648009921177,147.530059478207,51.5198423072434,13.1905582174822,1950_2022
2020-04-01,4,30,78.5192230259391,128.829534245614,110.225427160739,13.8920764797769,1950_2022
2020-05-01,5,31,110.714738232516,221.899096850492,64.2671490177022,19.453976091028,1950_2022
2020-06-01,6,30,52.2081326708247,275.165280459794,8.94113374348044,20.4666360619439,1950_2022
2020-07-01,7,31,39.6460975361101,355.199493472014,4.20650960344917,26.855670153256,1950_2022
2020-08-01,8,31,19.4144048827174,305.551370510581,2.67620174340638,23.7742077035895,1950_2022
2020-09-01,9,30,32.6734135713317,222.327362090509,33.7812822797903,22.4214176661066,1950_2022
2020-10-01,10,31,31.192999303498,145.501500437539,83.2303453864787,16.5899263259571,1950_2022
2020-11-01,11,30,38.5556289687958,71.4664541016297,75.4767006280771,14.2505658397099,1950_2022
2020-12-01,12,31,29.7536054310072,55.1446672362594,47.4495389269237,10.5989990171042,1950_2022
2021-01-01,1,31,27.9744077000238,56.1073732216611,39.0091811421521,8.20262809356308,1950_2022
2021-02-01,2,28.25,43.9227940904576,72.5300731914337,147.472490066344,11.9885076413188,1950_2022
2021-03-01,3,31,82.755371314079,166.852943899485,31.988696629585,13.2166477396337,1950_2022
2021-04-01,4,30,84.0245628137667,146.397809370919,117.202653885443,15.1318119212702,1950_2022
2021-05-01,5,31,98.2908982826873,246.688775974588,20.7401450397867,16.9648424220595,1950_2022
2021-06-01,6,30,63.3407425907741,277.29476835377,21.9032026477995,20.5941848369065,1950_2022
2021-07-01,7,31,33.1134638071132,327.109108112256,1.68229045286325,23.1567556793384,1950_2022
2021-08-01,8,31,21.3539594907422,301.39110535938,1.66651408317204,23.7819379323752,1950_2022
2021-09-01,9,30,53.0431707862939,203.893982508277,80.2554138990451,20.8637765658049,1950_2022
2021-10-01,10,31,36.1258822829627,160.354678498023,50.699471083303,19.5602667368303,1950_2022
2021-11-01,11,30,33.8668530018473,92.2289610678979,12.4068459240227,11.8058809862586,1950_2022
2021-12-01,12,31,24.2403832774878,65.6656683624357,56.9626898506943,12.3392667724662,1950_2022
2022-01-01,1,31,31.7733384775527,84.1977585814194,6.92004519032901,10.4327990982135,1950_2022
2022-02-01,2,28.25,25.9729539333519,112.353437748276,14.7741366454986,12.5228597061246,1950_2022
2022-03-01,3,31,59.3623573704411,133.330146193531,131.111627399155,12.5025678555623,1950_2022
2022-04-01,4,30,86.5629308904362,179.937243701044,58.743570452419,13.7423032970556,1950_2022
2022-05-01,5,31,55.2274407553016,291.351457225905,3.38613837950874,21.1662217670421,1950_2022
2022-06-01,6,30,28.4982229939859,288.008754320338,8.94113374348044,21.5739913354834,1950_2022
2022-07-01,7,31,18.0551894487473,357.296817225925,0.167758962511682,27.0933746884136,1950_2022
2022-08-01,8,31,10.5489603948559,290.526280666989,0.562168204790735,24.0235075819257,1950_2022
2022-09-01,9,30,21.1195897347297,86.2397763660898,28.4224057363086,20.7410591838332,1950_2022
2022-10-01,10,31,19.066964982461,70.3416688629584,34.7968904346119,19.9719014196644,1950_2022
2022-11-01,11,30,16.4788469337153,32.3371140498163,23.0635291928269,14.1201182289526,1950_2022
2022-12-01,12,31,13.9699071050729,21.2780459640904,108.835393395234,13.1548059093487,1950_2022